plot_type,n_variants,n_samples,n_values,dpi,average,cycle_0,cycle_1,cycle_2,cycle_3,cycle_4,cycle_5,cycle_6,cycle_7,cycle_8,cycle_9
pcolorfast,50,10,500,50,0.19224581718444825,0.2187366485595703,0.17188239097595215,0.14061832427978516,0.1093754768371582,0.12738561630249023,0.42715883255004883,0.2289714813232422,0.229644775390625,0.12805700302124023,0.14062762260437012
pcolormesh,50,10,500,50,0.7370286464691163,0.5781123638153076,0.531245231628418,0.524634838104248,1.8203413486480713,0.9862782955169678,0.9731996059417725,0.5189828872680664,0.4843635559082031,0.4999814033508301,0.45314693450927734
matshow,50,10,500,50,0.08906245231628418,0.10934948921203613,0.07813906669616699,0.06252384185791016,0.09374761581420898,0.09371757507324219,0.09375333786010742,0.10940742492675781,0.07813072204589844,0.0937190055847168,0.07813644409179688
imshow,50,10,500,50,0.16406288146972656,0.10936141014099121,0.07813763618469238,0.07810616493225098,0.10939908027648926,0.0781393051147461,0.10934138298034668,0.07814502716064453,0.20316267013549805,0.7343170642852783,0.06251907348632812
pcolor,50,10,500,100,48.604274082183835,58.097697496414185,58.98495030403137,49.968751668930054,45.73472237586975,45.57842803001404,46.124685525894165,45.90689182281494,47.17222189903259,44.546761989593506,43.927629709243774
pcolorfast,50,10,500,100,0.06878185272216797,0.07812762260437012,0.07814931869506836,0.06284642219543457,0.07776236534118652,0.06253266334533691,0.06285476684570312,0.07807636260986328,0.06254458427429199,0.06213808059692383,0.06278634071350098
pcolormesh,50,10,500,100,0.4374715566635132,0.45282649993896484,0.4378049373626709,0.42156100273132324,0.4218592643737793,0.4375181198120117,0.4843637943267822,0.42186784744262695,0.4377260208129883,0.4219956398010254,0.437192440032959
matshow,50,10,500,100,0.06721804141998292,0.06248307228088379,0.07843613624572754,0.06219148635864258,0.06284403800964355,0.07812857627868652,0.07809209823608398,0.06247305870056152,0.06258249282836914,0.062499284744262695,0.06245017051696777
imshow,50,10,500,100,0.06403210163116455,0.06258702278137207,0.04676532745361328,0.07784175872802734,0.06277799606323242,0.06257915496826172,0.0467982292175293,0.06257128715515137,0.06245088577270508,0.06216788291931152,0.0937814712524414
pcolorfast,50,10,500,150,0.08437459468841553,0.07810664176940918,0.09375739097595215,0.10937309265136719,0.09376049041748047,0.09374189376831055,0.07815265655517578,0.07809805870056152,0.07812714576721191,0.07812094688415527,0.06250762939453125
pcolormesh,50,10,500,150,0.44534428119659425,0.4375126361846924,0.43778085708618164,0.42190122604370117,0.4528019428253174,0.43751025199890137,0.46905970573425293,0.45294761657714844,0.43765711784362793,0.437577486038208,0.46869397163391113
matshow,50,10,500,150,0.06246917247772217,0.06249690055847168,0.06251239776611328,0.04686784744262695,0.07782721519470215,0.07845449447631836,0.046853065490722656,0.0625619888305664,0.062425851821899414,0.06217694282531738,0.0625150203704834
imshow,50,10,500,150,0.06093916893005371,0.062493085861206055,0.04719877243041992,0.06255364418029785,0.06250596046447754,0.0624392032623291,0.06256461143493652,0.062111854553222656,0.04720449447631836,0.06218600273132324,0.07813405990600586
pcolorfast,50,10,500,200,0.06096770763397217,0.0624852180480957,0.06279706954956055,0.0625298023223877,0.06215500831604004,0.04721355438232422,0.06253528594970703,0.06215405464172363,0.06281638145446777,0.06248879432678223,0.06250190734863281
pcolormesh,50,10,500,200,0.45937519073486327,0.4375009536743164,0.49967241287231445,0.43783044815063477,0.4531240463256836,0.43750619888305664,0.4531526565551758,0.42173147201538086,0.43766355514526367,0.4996190071105957,0.5159511566162109
matshow,50,10,500,200,0.059374427795410155,0.06249427795410156,0.06256747245788574,0.046820640563964844,0.06255865097045898,0.07807087898254395,0.046906232833862305,0.062134504318237305,0.06281900405883789,0.04686164855957031,0.06251096725463867
imshow,50,10,500,200,0.06406257152557374,0.06249237060546875,0.04688000679016113,0.07775616645812988,0.06248950958251953,0.07810568809509277,0.06250166893005371,0.04688715934753418,0.0625,0.062497615814208984,0.07851552963256836
pcolorfast,50,100,5000,50,0.0640944242477417,0.06287455558776855,0.0624852180480957,0.07812047004699707,0.06252288818359375,0.062392234802246094,0.062224626541137695,0.06280779838562012,0.07821869850158691,0.06248188018798828,0.04681587219238281
pcolormesh,50,100,5000,50,0.45934152603149414,0.43738794326782227,0.4532153606414795,0.4374961853027344,0.43721842765808105,0.46872830390930176,0.469057559967041,0.43750715255737305,0.4375157356262207,0.48404788970947266,0.531240701675415
matshow,50,100,5000,50,0.06409037113189697,0.06283903121948242,0.046875953674316406,0.07782292366027832,0.06278395652770996,0.06220698356628418,0.0781106948852539,0.06279325485229492,0.04695916175842285,0.0625605583190918,0.07795119285583496
imshow,50,100,5000,50,0.060930299758911136,0.0469362735748291,0.06255531311035156,0.06245017051696777,0.04692339897155762,0.07775306701660156,0.06273674964904785,0.06257057189941406,0.04685854911804199,0.07801461219787598,0.06250429153442383
pcolorfast,50,100,5000,100,0.06096796989440918,0.0473175048828125,0.06240272521972656,0.06253838539123535,0.062458038330078125,0.062148332595825195,0.06251144409179688,0.06293892860412598,0.07803511619567871,0.062134742736816406,0.047194480895996094
pcolormesh,50,100,5000,100,0.4687489986419678,0.43756985664367676,0.4685215950012207,0.45326685905456543,0.43719005584716797,0.4531238079071045,0.6406364440917969,0.45343446731567383,0.4375193119049072,0.4531223773956299,0.45310521125793457
matshow,50,100,5000,100,0.06250455379486083,0.06249690055847168,0.06220126152038574,0.047258853912353516,0.06247854232788086,0.06215023994445801,0.0629122257232666,0.0620722770690918,0.06288313865661621,0.0467989444732666,0.09379315376281738
imshow,50,100,5000,100,0.05934150218963623,0.046858787536621094,0.0626373291015625,0.062026023864746094,0.047188520431518555,0.07817196846008301,0.04691004753112793,0.06213259696960449,0.04721403121948242,0.062140703201293945,0.07813501358032227
pcolorfast,50,100,5000,150,0.0781250238418579,0.06251287460327148,0.07811570167541504,0.07812929153442383,0.07815051078796387,0.07811117172241211,0.06247973442077637,0.07814383506774902,0.07811117172241211,0.09375977516174316,0.09373617172241211
pcolormesh,50,100,5000,150,0.4656592845916748,0.46875715255737305,0.5159902572631836,0.43744468688964844,0.48408007621765137,0.4376959800720215,0.4844977855682373,0.43747377395629883,0.46843791007995605,0.43752503395080566,0.48469018936157227
matshow,50,100,5000,150,0.06094496250152588,0.04684734344482422,0.0626075267791748,0.04678750038146973,0.06248283386230469,0.07812356948852539,0.06252789497375488,0.06252217292785645,0.06249856948852539,0.06248068809509277,0.06257152557373047
imshow,50,100,5000,150,0.062493085861206055,0.06249189376831055,0.06243157386779785,0.04687309265136719,0.06260442733764648,0.09331417083740234,0.0625159740447998,0.06248068809509277,0.046890974044799805,0.06289863586425781,0.06242942810058594
pcolorfast,50,100,5000,200,0.06403253078460694,0.0625143051147461,0.04689383506774902,0.07813882827758789,0.06241250038146973,0.06255316734313965,0.062169551849365234,0.06281852722167969,0.0782172679901123,0.06245136260986328,0.062155961990356445
pcolormesh,50,100,5000,200,0.4562704086303711,0.4221196174621582,0.4531545639038086,0.42188310623168945,0.453136682510376,0.4528019428253174,0.5315468311309814,0.4844174385070801,0.4374856948852539,0.4531080722808838,0.4530501365661621
matshow,50,100,5000,200,0.06406867504119873,0.06265497207641602,0.062493324279785156,0.06247830390930176,0.06214618682861328,0.07850456237792969,0.06244611740112305,0.062171220779418945,0.06251955032348633,0.04723811149597168,0.0780344009399414
imshow,50,100,5000,200,0.057819247245788574,0.04688620567321777,0.06252002716064453,0.046858787536621094,0.06259393692016602,0.06247997283935547,0.06250166893005371,0.046822309494018555,0.062162160873413086,0.06282925605773926,0.06253814697265625
pcolorfast,50,1000,50000,50,0.06250081062316895,0.062186479568481445,0.0625002384185791,0.07844758033752441,0.06250643730163574,0.06260538101196289,0.062415122985839844,0.0468900203704834,0.07773494720458984,0.06290245056152344,0.046819448471069336
pcolormesh,50,1000,50000,50,0.46253926753997804,0.43781280517578125,0.48445653915405273,0.43747544288635254,0.4684140682220459,0.4999706745147705,0.4843709468841553,0.43781495094299316,0.4531984329223633,0.4527604579925537,0.4691183567047119
matshow,50,1000,50000,50,0.0609379768371582,0.06241297721862793,0.0468904972076416,0.06255078315734863,0.06214141845703125,0.06280517578125,0.06219005584716797,0.0628819465637207,0.06250619888305664,0.046871185302734375,0.07812952995300293
imshow,50,1000,50000,50,1.1671634435653686,0.0468754768371582,0.06247377395629883,0.06249070167541504,0.06216144561767578,0.07813382148742676,0.07811212539672852,0.06250452995300293,0.062499284744262695,0.0472414493560791,11.109141826629639
pcolorfast,50,1000,50000,100,0.075,0.06250643730163574,0.07813334465026855,0.07811784744262695,0.07812857627868652,0.07812833786010742,0.07811665534973145,0.07812237739562988,0.07812643051147461,0.07817959785461426,0.06244039535522461
pcolormesh,50,1000,50000,100,0.4515631675720215,0.45313239097595215,0.45312047004699707,0.4531247615814209,0.4531271457672119,0.4375016689300537,0.48436975479125977,0.4531228542327881,0.4375011920928955,0.43750500679016113,0.4531264305114746
matshow,50,1000,50000,100,0.07187447547912598,0.07812333106994629,0.0624995231628418,0.06250405311584473,0.06250381469726562,0.09374117851257324,0.07813310623168945,0.07812142372131348,0.0625004768371582,0.06251144409179688,0.07810640335083008
imshow,50,1000,50000,100,0.06718902587890625,0.06251049041748047,0.062494516372680664,0.06250953674316406,0.07811999320983887,0.06249189376831055,0.06250929832458496,0.07811260223388672,0.06253337860107422,0.06250572204589844,0.07810282707214355
pcolorfast,50,1000,50000,150,0.07346904277801514,0.06279516220092773,0.06260919570922852,0.0780179500579834,0.04688692092895508,0.06248307228088379,0.06263947486877441,0.06244254112243652,0.17193222045898438,0.06204676628112793,0.06283712387084961
pcolormesh,50,1000,50000,150,0.4296883583068848,0.42185258865356445,0.43753600120544434,0.42168545722961426,0.42209672927856445,0.4215250015258789,0.4534130096435547,0.4217410087585449,0.4376394748687744,0.4218103885650635,0.43758392333984375
matshow,50,1000,50000,150,0.06406023502349853,0.06252908706665039,0.0625152587890625,0.06253743171691895,0.062085866928100586,0.0628213882446289,0.06261992454528809,0.062357187271118164,0.04693269729614258,0.07776808738708496,0.07843542098999023
imshow,50,1000,50000,150,0.059380531311035156,0.046883344650268555,0.0625452995300293,0.062485694885253906,0.062168121337890625,0.07842445373535156,0.046890974044799805,0.06248068809509277,0.04688239097595215,0.06251120567321777,0.06253314018249512
pcolorfast,50,1000,50000,200,0.06093955039978027,0.04687619209289551,0.062485456466674805,0.06249260902404785,0.06254911422729492,0.06215977668762207,0.06284832954406738,0.04681563377380371,0.07821130752563477,0.046816349029541016,0.0781407356262207
pcolormesh,50,1000,50000,200,0.4359322786331177,0.42183518409729004,0.4219541549682617,0.42178893089294434,0.4219341278076172,0.42189717292785645,0.43744659423828125,0.5468597412109375,0.42189478874206543,0.42184972763061523,0.4218623638153076
matshow,50,1000,50000,200,0.0624730110168457,0.07816576957702637,0.062161922454833984,0.04720640182495117,0.06254124641418457,0.06251883506774902,0.06212568283081055,0.06280875205993652,0.04692554473876953,0.06245565414428711,0.0778203010559082
imshow,50,1000,50000,200,0.06096515655517578,0.06285309791564941,0.06248307228088379,0.04685711860656738,0.06249809265136719,0.06247973442077637,0.0626215934753418,0.06204867362976074,0.06252288818359375,0.04686427116394043,0.07842302322387695
pcolorfast,50,10000,500000,50,0.06094338893890381,0.04687666893005371,0.0625295639038086,0.06248879432678223,0.06258416175842285,0.062146663665771484,0.06276774406433105,0.06258368492126465,0.07771944999694824,0.047232627868652344,0.06250452995300293
pcolormesh,50,10000,500000,50,0.4312347650527954,0.42183947563171387,0.4371933937072754,0.4222066402435303,0.4215505123138428,0.4218611717224121,0.4534938335418701,0.43746018409729004,0.43754100799560547,0.40619421005249023,0.45300722122192383
matshow,50,10000,500000,50,0.07497932910919189,0.06230568885803223,0.06281805038452148,0.04686999320983887,0.06217002868652344,0.06283044815063477,0.20312929153442383,0.06256270408630371,0.06242036819458008,0.06250119209289551,0.06218552589416504
imshow,50,10000,500000,50,0.05941107273101807,0.06283974647521973,0.04684114456176758,0.06261587142944336,0.06241202354431152,0.06256556510925293,0.062465667724609375,0.062458038330078125,0.04689192771911621,0.07814717292785645,0.04687356948852539
pcolorfast,50,10000,500000,100,0.060969996452331546,0.06286191940307617,0.06254863739013672,0.06241440773010254,0.062171220779418945,0.06289148330688477,0.0624387264251709,0.06252741813659668,0.06254029273986816,0.062482357025146484,0.04682350158691406
pcolormesh,50,10000,500000,100,0.43125009536743164,0.421555757522583,0.43747448921203613,0.4378957748413086,0.42173218727111816,0.4218943119049072,0.4528834819793701,0.4218595027923584,0.42222094535827637,0.4218263626098633,0.4531581401824951
matshow,50,10000,500000,100,0.06093800067901611,0.06217598915100098,0.06250476837158203,0.04719877243041992,0.06255865097045898,0.07803463935852051,0.06251764297485352,0.04689288139343262,0.06258177757263184,0.062326669692993164,0.06258821487426758
imshow,50,10000,500000,100,0.07187385559082031,0.06256461143493652,0.06240987777709961,0.04687047004699707,0.06249213218688965,0.17157340049743652,0.06250667572021484,0.06253814697265625,0.062488555908203125,0.06250238418579102,0.06279230117797852
pcolorfast,50,10000,500000,150,0.0609093427658081,0.06253671646118164,0.06246638298034668,0.06258678436279297,0.06241893768310547,0.0468902587890625,0.07779788970947266,0.06285429000854492,0.06243896484375,0.04688763618469238,0.062215566635131836
pcolormesh,50,10000,500000,150,0.4297188758850098,0.42223262786865234,0.4374525547027588,0.42153024673461914,0.4221837520599365,0.4372115135192871,0.43749046325683594,0.4221971035003662,0.4217102527618408,0.421978235244751,0.4532020092010498
matshow,50,10000,500000,150,0.059377217292785646,0.04687213897705078,0.06255722045898438,0.06244993209838867,0.06246781349182129,0.0621800422668457,0.06283903121948242,0.046875953674316406,0.06217765808105469,0.0624842643737793,0.06286811828613281
imshow,50,10000,500000,150,0.059374427795410155,0.06253862380981445,0.046804189682006836,0.062195777893066406,0.06250452995300293,0.06248950958251953,0.06250905990600586,0.047229766845703125,0.062471866607666016,0.0468449592590332,0.0781559944152832
pcolorfast,50,10000,500000,200,0.07965805530548095,0.046906232833862305,0.06251931190490723,0.06248044967651367,0.1871645450592041,0.0781254768371582,0.06250190734863281,0.06251692771911621,0.09374141693115234,0.07809805870056152,0.06252622604370117
pcolormesh,50,10000,500000,200,0.4453402280807495,0.4378676414489746,0.45276808738708496,0.4221770763397217,0.42171502113342285,0.4373326301574707,0.48436522483825684,0.4843876361846924,0.4375004768371582,0.422182559967041,0.4531059265136719
matshow,50,10000,500000,200,0.0656270980834961,0.062415361404418945,0.047007083892822266,0.06254148483276367,0.06249380111694336,0.062436580657958984,0.07784152030944824,0.0781242847442627,0.06250929832458496,0.06247735023498535,0.07842421531677246
imshow,50,10000,500000,200,0.05781223773956299,0.04687690734863281,0.06256270408630371,0.062424421310424805,0.046907663345336914,0.07808804512023926,0.04691290855407715,0.06216740608215332,0.04718494415283203,0.06258702278137207,0.06241035461425781
pcolorfast,500,10,5000,50,0.06094045639038086,0.06220436096191406,0.06283330917358398,0.06256604194641113,0.06238722801208496,0.04691004753112793,0.062497615814208984,0.06256341934204102,0.07806181907653809,0.04690265655517578,0.062478065490722656
pcolormesh,500,10,5000,50,0.44371633529663085,0.421553373336792,0.4376945495605469,0.5312967300415039,0.45316529273986816,0.4215829372406006,0.4221768379211426,0.4374101161956787,0.43730592727661133,0.43778204917907715,0.4371955394744873
matshow,500,10,5000,50,0.06253278255462646,0.09405636787414551,0.046907663345336914,0.0625004768371582,0.06249594688415527,0.06252098083496094,0.07805824279785156,0.04691314697265625,0.06252622604370117,0.06247687339782715,0.04687190055847168
imshow,500,10,5000,50,0.060934829711914065,0.07780122756958008,0.04688525199890137,0.06289982795715332,0.062391042709350586,0.04687213897705078,0.07783746719360352,0.06288385391235352,0.04680585861206055,0.06258249282836914,0.06238913536071777
pcolorfast,500,10,5000,100,0.06402809619903564,0.06250119209289551,0.06246471405029297,0.046909332275390625,0.07817220687866211,0.046875715255737305,0.07818269729614258,0.062055349349975586,0.0628507137298584,0.06245779991149902,0.07781124114990234
pcolormesh,500,10,5000,100,0.4312832593917847,0.4376847743988037,0.4219052791595459,0.4529151916503906,0.422182559967041,0.43749284744262695,0.421907901763916,0.43717455863952637,0.42220354080200195,0.4374959468841553,0.42186999320983887
matshow,500,10,5000,100,0.07340695858001708,0.07826733589172363,0.17177820205688477,0.06243586540222168,0.046901702880859375,0.06262969970703125,0.06242227554321289,0.06249237060546875,0.06250405311584473,0.046799659729003906,0.07783842086791992
imshow,500,10,5000,100,0.06252932548522949,0.07813668251037598,0.06249547004699707,0.06277728080749512,0.04688835144042969,0.07780909538269043,0.04718184471130371,0.0625607967376709,0.06246685981750488,0.06257319450378418,0.06240367889404297
pcolorfast,500,10,5000,150,0.06094295978546142,0.06217074394226074,0.06282758712768555,0.06254887580871582,0.06212329864501953,0.06285452842712402,0.06248807907104492,0.0624699592590332,0.0625770092010498,0.06246161460876465,0.046907901763916016
pcolormesh,500,10,5000,150,0.4406103610992432,0.4371325969696045,0.4687182903289795,0.43749356269836426,0.45313501358032227,0.43750977516174316,0.45350146293640137,0.421816349029541,0.43747687339782715,0.4217569828033447,0.4375627040863037
matshow,500,10,5000,150,0.07341470718383789,0.06233501434326172,0.06280851364135742,0.04682517051696777,0.06262850761413574,0.07768702507019043,0.06249809265136719,0.06249642372131348,0.046860694885253906,0.06252503395080566,0.18748259544372559
imshow,500,10,5000,150,0.0625342845916748,0.0625162124633789,0.062482357025146484,0.062493085861206055,0.07815051078796387,0.0624690055847168,0.06250667572021484,0.04688262939453125,0.06253266334533691,0.06245899200439453,0.0628507137298584
pcolorfast,500,10,5000,200,0.06095762252807617,0.06248211860656738,0.06251287460327148,0.06281518936157227,0.04694175720214844,0.06212639808654785,0.06289935111999512,0.07808995246887207,0.046834468841552734,0.0621640682220459,0.06271004676818848
pcolormesh,500,10,5000,200,0.4499790668487549,0.42167234420776367,0.42217135429382324,0.4218940734863281,0.43742895126342773,0.43752026557922363,0.4375424385070801,0.4215519428253174,0.422208309173584,0.43715715408325195,0.640643835067749
matshow,500,10,5000,200,0.09531202316284179,0.06249117851257324,0.07811975479125977,0.0625007152557373,0.07813191413879395,0.09374427795410156,0.09375619888305664,0.20314502716064453,0.07809782028198242,0.0937795639038086,0.10935378074645996
imshow,500,10,5000,200,0.07656204700469971,0.06251358985900879,0.04687023162841797,0.062497854232788086,0.06250834465026855,0.09374165534973145,0.06248641014099121,0.04718494415283203,0.07780838012695312,0.06250333786010742,0.18750572204589844
pcolorfast,500,100,50000,50,0.0671924114227295,0.06250452995300293,0.07813429832458496,0.07811093330383301,0.06251263618469238,0.062493085861206055,0.06251955032348633,0.07813835144042969,0.06248736381530762,0.06250405311584473,0.06251931190490723
pcolormesh,500,100,50000,50,0.4265847682952881,0.4065985679626465,0.43750548362731934,0.4218442440032959,0.4218471050262451,0.4375007152557373,0.4375436305999756,0.42188239097595215,0.42184948921203613,0.42186522483825684,0.437410831451416
matshow,500,100,50000,50,0.062475275993347165,0.06226968765258789,0.06248807907104492,0.07813334465026855,0.0468754768371582,0.0784306526184082,0.04687190055847168,0.0625607967376709,0.062435150146484375,0.046942949295043945,0.07774472236633301
imshow,500,100,50000,50,0.0594043493270874,0.047254323959350586,0.06257295608520508,0.04675102233886719,0.06255936622619629,0.062468528747558594,0.06252551078796387,0.0468137264251709,0.062195777893066406,0.06250739097595215,0.07839488983154297
pcolorfast,500,100,50000,100,0.07188708782196045,0.06250405311584473,0.06251144409179688,0.06251788139343262,0.062490224838256836,0.046904563903808594,0.06250715255737305,0.06256818771362305,0.1717967987060547,0.06257200241088867,0.06249856948852539
pcolormesh,500,100,50000,100,0.42811293601989747,0.421436071395874,0.43747878074645996,0.4221832752227783,0.421903133392334,0.42188549041748047,0.4531230926513672,0.4219183921813965,0.4218471050262451,0.4218299388885498,0.43752408027648926
matshow,500,100,50000,100,0.060943436622619626,0.062171220779418945,0.06292510032653809,0.062078237533569336,0.0628211498260498,0.06260514259338379,0.06244492530822754,0.04688000679016113,0.06211233139038086,0.06280875205993652,0.06258749961853027
imshow,500,100,50000,100,0.059371113777160645,0.062111616134643555,0.047258853912353516,0.06256842613220215,0.0620729923248291,0.06279253959655762,0.06248927116394043,0.04687905311584473,0.06258940696716309,0.06246066093444824,0.06248831748962402
pcolorfast,500,100,50000,150,0.0609053373336792,0.062484025955200195,0.04694199562072754,0.07815051078796387,0.04679083824157715,0.06262040138244629,0.06205868721008301,0.06285595893859863,0.06253767013549805,0.062422990798950195,0.06219029426574707
pcolormesh,500,100,50000,150,0.44062421321868894,0.43774843215942383,0.4372565746307373,0.422191858291626,0.4219179153442383,0.4218289852142334,0.4375491142272949,0.5466892719268799,0.42199182510375977,0.4375290870666504,0.4215390682220459
matshow,500,100,50000,150,0.06406385898590088,0.07811260223388672,0.06286191940307617,0.062160491943359375,0.06281423568725586,0.06256103515625,0.06249380111694336,0.04688382148742676,0.06210494041442871,0.06282973289489746,0.07781600952148438
imshow,500,100,50000,150,0.05937778949737549,0.06251835823059082,0.04684567451477051,0.06253385543823242,0.062467098236083984,0.06250762939453125,0.04687023162841797,0.06279420852661133,0.06219768524169922,0.04723501205444336,0.07780814170837402
pcolorfast,500,100,50000,200,0.06253767013549805,0.06293773651123047,0.06238245964050293,0.06262683868408203,0.06238198280334473,0.0621647834777832,0.07851505279541016,0.04686927795410156,0.07773518562316895,0.06287264823913574,0.0468907356262207
pcolormesh,500,100,50000,200,0.4359377384185791,0.42186975479125977,0.43714022636413574,0.42218017578125,0.42157888412475586,0.43779730796813965,0.4531874656677246,0.43742895126342773,0.45305299758911133,0.43761372566223145,0.4375278949737549
matshow,500,100,50000,200,0.07499589920043945,0.06214737892150879,0.06283116340637207,0.04684638977050781,0.06219744682312012,0.06283259391784668,0.21840596199035645,0.04687809944152832,0.0628194808959961,0.06251406669616699,0.06248641014099121
imshow,500,100,50000,200,0.06250722408294677,0.07814955711364746,0.06244492530822754,0.04690694808959961,0.07818770408630371,0.06243467330932617,0.04687190055847168,0.06248021125793457,0.06253528594970703,0.0625603199005127,0.0625007152557373
pcolorfast,500,1000,500000,50,0.05938124656677246,0.06251168251037598,0.04686236381530762,0.0625007152557373,0.06254363059997559,0.06254148483276367,0.062352895736694336,0.06257319450378418,0.0625298023223877,0.04676103591918945,0.06263566017150879
pcolormesh,500,1000,500000,50,0.43120741844177246,0.437441349029541,0.4218108654022217,0.4219076633453369,0.4218006134033203,0.4219017028808594,0.4528346061706543,0.42223429679870605,0.4217371940612793,0.43761682510375977,0.4527890682220459
matshow,500,1000,500000,50,0.0625316858291626,0.06247711181640625,0.06251239776611328,0.06249690055847168,0.046877145767211914,0.07815718650817871,0.06247591972351074,0.0625002384185791,0.046862125396728516,0.06251215934753418,0.0784456729888916
imshow,500,1000,500000,50,0.07031993865966797,0.062479257583618164,0.046892404556274414,0.06254220008850098,0.04685688018798828,0.18751978874206543,0.06247711181640625,0.046843767166137695,0.06250858306884766,0.06250429153442383,0.06257510185241699
pcolorfast,500,1000,500000,100,0.05938906669616699,0.06252479553222656,0.04654383659362793,0.07845044136047363,0.046927452087402344,0.06245923042297363,0.062454938888549805,0.06260180473327637,0.06250643730163574,0.04685568809509277,0.06256604194641113
pcolormesh,500,1000,500000,100,0.43436081409454347,0.42159318923950195,0.45333027839660645,0.42183589935302734,0.4218471050262451,0.43756747245788574,0.43750429153442383,0.42179274559020996,0.4375455379486084,0.42185187339782715,0.46873974800109863
matshow,500,1000,500000,100,0.06094505786895752,0.06219148635864258,0.06280708312988281,0.04690814018249512,0.06246447563171387,0.06258344650268555,0.06211233139038086,0.06283831596374512,0.046874284744262695,0.0625009536743164,0.0781700611114502
imshow,500,1000,500000,100,0.057807302474975585,0.04681825637817383,0.06222820281982422,0.0624852180480957,0.06284213066101074,0.0625615119934082,0.04681825637817383,0.062453508377075195,0.04683637619018555,0.06259512901306152,0.06243443489074707
pcolorfast,500,1000,500000,150,0.07344090938568115,0.06290936470031738,0.062404632568359375,0.06259560585021973,0.17186594009399414,0.06254100799560547,0.06211423873901367,0.06246471405029297,0.07812118530273438,0.04687690734863281,0.0625154972076416
pcolormesh,500,1000,500000,150,0.4265909194946289,0.42203855514526367,0.4376044273376465,0.40631866455078125,0.4217965602874756,0.43758606910705566,0.43747425079345703,0.42153334617614746,0.422243595123291,0.4218027591705322,0.43751096725463867
matshow,500,1000,500000,150,0.06406452655792236,0.06244349479675293,0.06226038932800293,0.06286144256591797,0.04687142372131348,0.07775092124938965,0.04724621772766113,0.06255841255187988,0.062113285064697266,0.0780782699584961,0.0784614086151123
imshow,500,1000,500000,150,0.06093301773071289,0.06250596046447754,0.062494754791259766,0.0625,0.046839237213134766,0.07781171798706055,0.04726099967956543,0.062140464782714844,0.047239065170288086,0.06211686134338379,0.07842111587524414
pcolorfast,500,1000,500000,200,0.0625394344329834,0.06288552284240723,0.06244659423828125,0.06248736381530762,0.0778353214263916,0.0628509521484375,0.04688096046447754,0.06210184097290039,0.06289553642272949,0.06252455711364746,0.062485694885253906
pcolormesh,500,1000,500000,200,0.4360430002212524,0.40622520446777344,0.43732333183288574,0.5313694477081299,0.4373915195465088,0.4220256805419922,0.40627121925354004,0.4530677795410156,0.4074680805206299,0.4374220371246338,0.42186570167541504
matshow,500,1000,500000,200,0.06250426769256592,0.07783126831054688,0.06291747093200684,0.062451839447021484,0.06213998794555664,0.06250667572021484,0.06249666213989258,0.06285429000854492,0.06250858306884766,0.046820878982543945,0.0625150203704834
imshow,500,1000,500000,200,0.05781965255737305,0.0624849796295166,0.06255531311035156,0.04686856269836426,0.06213784217834473,0.04719090461730957,0.07778525352478027,0.04718756675720215,0.06256532669067383,0.04689478874206543,0.06252598762512207
pcolorfast,500,10000,5000000,50,0.06097323894500732,0.06286191940307617,0.0625309944152832,0.046838998794555664,0.07776927947998047,0.06246232986450195,0.06283330917358398,0.04693484306335449,0.06257152557373047,0.07809233665466309,0.04683685302734375
pcolormesh,500,10000,5000000,50,0.439056396484375,0.42185187339782715,0.42184019088745117,0.4374723434448242,0.4375796318054199,0.45273351669311523,0.4843757152557373,0.468764066696167,0.42220044136047363,0.4375605583190918,0.4061856269836426
matshow,500,10000,5000000,50,0.07344565391540528,0.09373140335083008,0.1715686321258545,0.06282830238342285,0.04686307907104492,0.06220102310180664,0.06293153762817383,0.06236100196838379,0.04690384864807129,0.06253409385681152,0.06253361701965332
imshow,500,10000,5000000,50,0.060931158065795896,0.06241750717163086,0.046966552734375,0.06246781349182129,0.062139034271240234,0.07812142372131348,0.047173500061035156,0.06258487701416016,0.0624544620513916,0.06255316734313965,0.06243324279785156
pcolorfast,500,10000,5000000,100,0.06250367164611817,0.06216144561767578,0.06282687187194824,0.06256365776062012,0.06252431869506836,0.062448740005493164,0.0621490478515625,0.06286311149597168,0.062473297119140625,0.06248211860656738,0.06254410743713379
pcolormesh,500,10000,5000000,100,0.43437373638153076,0.421830415725708,0.4687497615814209,0.42186784744262695,0.4218611717224121,0.4219212532043457,0.45307159423828125,0.42160511016845703,0.422168493270874,0.4219369888305664,0.46872472763061523
matshow,500,10000,5000000,100,0.07187061309814453,0.0468902587890625,0.06252932548522949,0.062478065490722656,0.046814918518066406,0.07782673835754395,0.06280374526977539,0.04693460464477539,0.062468767166137695,0.0625314712524414,0.18742823600769043
imshow,500,10000,5000000,100,0.05625741481781006,0.04693007469177246,0.062462806701660156,0.04701423645019531,0.06242680549621582,0.06239891052246094,0.046968698501586914,0.06212568283081055,0.047246456146240234,0.062497854232788086,0.06250262260437012
pcolorfast,500,10000,5000000,150,0.06246929168701172,0.04654884338378906,0.06286215782165527,0.07775568962097168,0.04718017578125,0.07786059379577637,0.0624842643737793,0.06249713897705078,0.0625300407409668,0.06246471405029297,0.06250929832458496
pcolormesh,500,10000,5000000,150,0.4281492233276367,0.422224760055542,0.43750572204589844,0.4218769073486328,0.40588831901550293,0.42220306396484375,0.4530951976776123,0.42156410217285156,0.437788724899292,0.4219629764556885,0.43738245964050293
matshow,500,10000,5000000,150,0.062475275993347165,0.06248903274536133,0.0469515323638916,0.06262755393981934,0.062248945236206055,0.06275033950805664,0.07768845558166504,0.06251788139343262,0.062469482421875,0.06251025199890137,0.062499284744262695
imshow,500,10000,5000000,150,0.07343685626983643,0.06250119209289551,0.07810449600219727,0.04689335823059082,0.06250357627868652,0.07812213897705078,0.04718422889709473,0.06260299682617188,0.062452077865600586,0.046874284744262695,0.18713021278381348
pcolorfast,500,10000,5000000,200,0.06097087860107422,0.06250214576721191,0.06287360191345215,0.06251311302185059,0.06244373321533203,0.0625457763671875,0.062409400939941406,0.06260538101196289,0.0624384880065918,0.04686236381530762,0.0625147819519043
pcolormesh,500,10000,5000000,200,0.4312384843826294,0.4219067096710205,0.4374997615814209,0.4373917579650879,0.4376101493835449,0.4218156337738037,0.4374840259552002,0.4374680519104004,0.42197680473327637,0.4062314033508301,0.453000545501709
matshow,500,10000,5000000,200,0.062479472160339354,0.06227588653564453,0.06251335144042969,0.06281423568725586,0.06249880790710449,0.0624995231628418,0.06256818771362305,0.06242513656616211,0.06250262260437012,0.04688429832458496,0.07781267166137695
imshow,500,10000,5000000,200,0.05785396099090576,0.04718589782714844,0.06251883506774902,0.06252646446228027,0.04689598083496094,0.06210184097290039,0.06290864944458008,0.062102317810058594,0.04724836349487305,0.06246757507324219,0.06258368492126465
pcolorfast,5000,10,50000,50,0.07031669616699218,0.0624392032623291,0.046942949295043945,0.0624995231628418,0.06249594688415527,0.06254315376281738,0.04681205749511719,0.06252908706665039,0.17186713218688965,0.06250500679016113,0.06253290176391602
pcolormesh,5000,10,50000,50,0.43436646461486816,0.43738222122192383,0.43755340576171875,0.4218156337738037,0.4219639301300049,0.42148804664611816,0.46906232833862305,0.42156553268432617,0.43786025047302246,0.4216468334197998,0.4533264636993408
matshow,5000,10,50000,50,0.06246640682220459,0.06252241134643555,0.06249856948852539,0.06249594688415527,0.06247234344482422,0.07813167572021484,0.0469059944152832,0.06257224082946777,0.046828269958496094,0.06251358985900879,0.07772302627563477
imshow,5000,10,50000,50,0.05940525531768799,0.04721474647521973,0.07778692245483398,0.06251645088195801,0.06250619888305664,0.06293463706970215,0.04680013656616211,0.06255578994750977,0.04681897163391113,0.06249523162841797,0.0624234676361084
pcolorfast,5000,10,50000,100,0.06094672679901123,0.06249880790710449,0.0621953010559082,0.06283950805664062,0.046927690505981445,0.06244468688964844,0.062181949615478516,0.06281805038452148,0.0778038501739502,0.06251692771911621,0.047240495681762695
pcolormesh,5000,10,50000,100,0.4562093734741211,0.4374051094055176,0.43722963333129883,0.4534289836883545,0.4062507152557373,0.4375460147857666,0.45273828506469727,0.6250004768371582,0.4531283378601074,0.42187047004699707,0.43749570846557617
matshow,5000,10,50000,100,0.07500002384185792,0.09377360343933105,0.06250500679016113,0.06247091293334961,0.07814669609069824,0.09374809265136719,0.07810664176940918,0.06250667572021484,0.06250190734863281,0.06250119209289551,0.09373950958251953
imshow,5000,10,50000,100,0.06562690734863282,0.06250762939453125,0.06250238418579102,0.06249690055847168,0.06250905990600586,0.07810783386230469,0.06252431869506836,0.06249213218688965,0.04687023162841797,0.07815051078796387,0.07810807228088379
pcolorfast,5000,10,50000,150,0.06718833446502685,0.06250500679016113,0.07811975479125977,0.0625002384185791,0.0781252384185791,0.06250381469726562,0.06249666213989258,0.0625,0.07813191413879395,0.06250643730163574,0.06249427795410156
pcolormesh,5000,10,50000,150,0.43440861701965333,0.42209935188293457,0.45328736305236816,0.421511173248291,0.4376871585845947,0.4219961166381836,0.4531240463256836,0.4215550422668457,0.4378650188446045,0.4218287467956543,0.45313215255737305
matshow,5000,10,50000,150,0.07500386238098145,0.062177181243896484,0.06280636787414551,0.06218409538269043,0.06281375885009766,0.06258535385131836,0.2029709815979004,0.0625753402709961,0.04688835144042969,0.06258225440979004,0.062454938888549805
imshow,5000,10,50000,150,0.05933847427368164,0.06213188171386719,0.06252026557922363,0.06252622604370117,0.06246638298034668,0.06249666213989258,0.046869754791259766,0.06253528594970703,0.04721546173095703,0.07804441452026367,0.046578407287597656
pcolorfast,5000,10,50000,200,0.0640676498413086,0.06250619888305664,0.046851158142089844,0.06252288818359375,0.07808971405029297,0.04690122604370117,0.06255888938903809,0.0780477523803711,0.07821226119995117,0.06250309944152832,0.06248331069946289
pcolormesh,5000,10,50000,200,0.43124988079071047,0.40619373321533203,0.45282673835754395,0.4222087860107422,0.42189574241638184,0.4374818801879883,0.43746447563171387,0.42188072204589844,0.4531738758087158,0.4061923027038574,0.45318055152893066
matshow,5000,10,50000,200,0.062496018409729,0.06250524520874023,0.062493324279785156,0.06245160102844238,0.046874284744262695,0.07811689376831055,0.04694008827209473,0.07774186134338379,0.06252312660217285,0.062497854232788086,0.06281590461730957
imshow,5000,10,50000,200,0.07187530994415284,0.06220865249633789,0.06277847290039062,0.04688215255737305,0.06256914138793945,0.18712449073791504,0.047186851501464844,0.062499046325683594,0.06256413459777832,0.06250333786010742,0.062436819076538086
pcolorfast,5000,100,500000,50,0.059381508827209474,0.04685020446777344,0.06249594688415527,0.06252670288085938,0.0625460147857666,0.0624237060546875,0.04687929153442383,0.07815432548522949,0.04686450958251953,0.06247663497924805,0.06259775161743164
pcolormesh,5000,100,500000,50,0.4343675374984741,0.42185354232788086,0.4372873306274414,0.42208027839660645,0.4218628406524658,0.4374241828918457,0.4528617858886719,0.4221510887145996,0.4375309944152832,0.4219040870666504,0.4687192440032959
matshow,5000,100,500000,50,0.06715531349182129,0.06255650520324707,0.06212615966796875,0.09403634071350098,0.06251120567321777,0.0625,0.0625772476196289,0.0623011589050293,0.06233668327331543,0.06252098083496094,0.07808685302734375
imshow,5000,100,500000,50,0.05940423011779785,0.06283760070800781,0.04686927795410156,0.06254053115844727,0.04681062698364258,0.0782632827758789,0.046762704849243164,0.06254172325134277,0.062127113342285156,0.04688262939453125,0.07840681076049805
pcolorfast,5000,100,500000,100,0.07184135913848877,0.06226968765258789,0.06267380714416504,0.06258058547973633,0.17184662818908691,0.0625162124633789,0.06245279312133789,0.046912431716918945,0.07777810096740723,0.04719400405883789,0.062189340591430664
pcolormesh,5000,100,500000,100,0.4281592607498169,0.4222126007080078,0.4531733989715576,0.42181897163391113,0.42188000679016113,0.421572208404541,0.43778419494628906,0.42189455032348633,0.42184996604919434,0.4218788146972656,0.4375278949737549
matshow,5000,100,500000,100,0.06559100151062011,0.0625004768371582,0.06249523162841797,0.06252527236938477,0.06250619888305664,0.06247282028198242,0.062163352966308594,0.06280016899108887,0.046875715255737305,0.07780981063842773,0.09376096725463867
imshow,5000,100,500000,100,0.08593618869781494,0.07811999320983887,0.04687857627868652,0.07811474800109863,0.09377217292785645,0.10935473442077637,0.07814478874206543,0.07811570167541504,0.07811164855957031,0.09376025199890137,0.12498927116394043
pcolorfast,5000,100,500000,150,0.10468735694885253,0.0625312328338623,0.062488555908203125,0.09378981590270996,0.10932350158691406,0.12501931190490723,0.09372544288635254,0.12500715255737305,0.17189335823059082,0.125,0.0780951976776123
pcolormesh,5000,100,500000,150,0.45159125328063965,0.43750810623168945,0.4531216621398926,0.5625317096710205,0.4377872943878174,0.4528038501739502,0.4375114440917969,0.46874570846557617,0.42221736907958984,0.42191576957702637,0.4217696189880371
matshow,5000,100,500000,150,0.06095113754272461,0.07818055152893066,0.0625920295715332,0.046838998794555664,0.06254053115844727,0.0624392032623291,0.0625007152557373,0.0625615119934082,0.046752214431762695,0.06261897087097168,0.06248664855957031
imshow,5000,100,500000,150,0.06093440055847168,0.0624845027923584,0.06215405464172363,0.06250619888305664,0.06245279312133789,0.04721236228942871,0.07807040214538574,0.04692363739013672,0.06257009506225586,0.04680752754211426,0.07816243171691895
pcolorfast,5000,100,500000,200,0.06247081756591797,0.0621798038482666,0.06293010711669922,0.04678487777709961,0.07821106910705566,0.04679512977600098,0.06217050552368164,0.06284928321838379,0.0621647834777832,0.07846808433532715,0.062154531478881836
pcolormesh,5000,100,500000,200,0.43439245223999023,0.40656161308288574,0.42174744606018066,0.46874117851257324,0.4376399517059326,0.45314717292785645,0.421536922454834,0.48467350006103516,0.42191648483276367,0.4058871269226074,0.4220731258392334
matshow,5000,100,500000,200,0.07500686645507812,0.07827115058898926,0.17153668403625488,0.06279587745666504,0.04693722724914551,0.06250429153442383,0.06249856948852539,0.06214451789855957,0.0781092643737793,0.04687190055847168,0.0783991813659668
imshow,5000,100,500000,200,0.05937666893005371,0.04692411422729492,0.06257772445678711,0.06242704391479492,0.04687190055847168,0.07813501358032227,0.06247854232788086,0.04685497283935547,0.06254720687866211,0.046831369400024414,0.07811880111694336
pcolorfast,5000,1000,5000000,50,0.060944128036499026,0.046875953674316406,0.06244516372680664,0.07811737060546875,0.04694724082946777,0.07805752754211426,0.062483787536621094,0.0468904972076416,0.07816290855407715,0.04681277275085449,0.06264805793762207
pcolormesh,5000,1000,5000000,50,0.43279802799224854,0.4217538833618164,0.4528028964996338,0.42186784744262695,0.4378817081451416,0.40616846084594727,0.4684569835662842,0.4221971035003662,0.4218482971191406,0.43750834465026855,0.43749475479125977
matshow,5000,1000,5000000,50,0.073447847366333,0.06219768524169922,0.06282496452331543,0.062215566635131836,0.062485456466674805,0.06278681755065918,0.06252765655517578,0.06255006790161133,0.06247878074645996,0.06246304512023926,0.17194843292236328
imshow,5000,1000,5000000,50,0.057773709297180176,0.062455177307128906,0.04694414138793945,0.046770334243774414,0.07811713218688965,0.0469512939453125,0.062407493591308594,0.046903371810913086,0.0621950626373291,0.0781254768371582,0.04686760902404785
pcolorfast,5000,1000,5000000,100,0.05940966606140137,0.06250953674316406,0.04685378074645996,0.07813692092895508,0.04719257354736328,0.06261062622070312,0.06205296516418457,0.06287956237792969,0.062117815017700195,0.04720950126647949,0.06253337860107422
pcolormesh,5000,1000,5000000,100,0.4343381404876709,0.4218924045562744,0.4373202323913574,0.4373147487640381,0.42202115058898926,0.4220845699310303,0.46868324279785156,0.43755197525024414,0.4371531009674072,0.4222431182861328,0.4371168613433838
matshow,5000,1000,5000000,100,0.0640946626663208,0.07811474800109863,0.07813739776611328,0.04718828201293945,0.06253218650817871,0.06246471405029297,0.06253910064697266,0.06244850158691406,0.06253910064697266,0.04684090614318848,0.07814168930053711
imshow,5000,1000,5000000,100,0.07427704334259033,0.06249403953552246,0.062198638916015625,0.0781412124633789,0.06248974800109863,0.07812309265136719,0.04719400405883789,0.06219172477722168,0.047235727310180664,0.06214284896850586,0.18055939674377441
pcolorfast,5000,1000,5000000,150,0.06250090599060058,0.06251835823059082,0.06252241134643555,0.06287813186645508,0.06244468688964844,0.062162160873413086,0.0472109317779541,0.07779574394226074,0.06251811981201172,0.06245899200439453,0.0624995231628418
pcolormesh,5000,1000,5000000,150,0.43128223419189454,0.4378037452697754,0.43721890449523926,0.42184996604919434,0.42203378677368164,0.45330142974853516,0.4375333786010742,0.4062044620513916,0.43751025199890137,0.4062197208404541,0.45314669609069824
matshow,5000,1000,5000000,150,0.06406772136688232,0.06219053268432617,0.047173261642456055,0.06262588500976562,0.06238389015197754,0.07781362533569336,0.04722857475280762,0.06214642524719238,0.04720473289489746,0.07779049873352051,0.09411978721618652
imshow,5000,1000,5000000,150,0.06246359348297119,0.04684114456176758,0.06261944770812988,0.06231951713562012,0.062220096588134766,0.06284570693969727,0.07810115814208984,0.0625157356262207,0.0621800422668457,0.04716825485229492,0.07782483100891113
pcolorfast,5000,1000,5000000,200,0.07187819480895996,0.04698300361633301,0.06247282028198242,0.062426090240478516,0.07813835144042969,0.06251192092895508,0.04686164855957031,0.06247568130493164,0.1872100830078125,0.06246614456176758,0.04723620414733887
pcolormesh,5000,1000,5000000,200,0.4359411716461182,0.4218301773071289,0.4531519412994385,0.43741273880004883,0.42188334465026855,0.42193078994750977,0.499697208404541,0.42186427116394043,0.4219088554382324,0.42217302322387695,0.4375593662261963
matshow,5000,1000,5000000,200,0.06249482631683349,0.06212735176086426,0.06251192092895508,0.06249833106994629,0.04718589782714844,0.0781865119934082,0.062477827072143555,0.062469482421875,0.046846628189086914,0.06252670288085938,0.07811760902404785
imshow,5000,1000,5000000,200,0.06559114456176758,0.04685378074645996,0.06255960464477539,0.046808719635009766,0.06255531311035156,0.06244063377380371,0.06219339370727539,0.06251239776611328,0.07810854911804199,0.0937490463256836,0.07813000679016113
pcolorfast,5000,10000,50000000,50,0.07343811988830566,0.07813215255737305,0.0625302791595459,0.0781097412109375,0.07812237739562988,0.06249856948852539,0.07814836502075195,0.062494516372680664,0.07811474800109863,0.07810163497924805,0.07812881469726562
pcolormesh,5000,10000,50000000,50,0.526602029800415,0.4531257152557373,0.43752598762512207,0.46874356269836426,0.46875882148742676,0.8593533039093018,0.5624890327453613,0.5781385898590088,0.5468783378601074,0.46910691261291504,0.42190003395080566
matshow,5000,10000,50000000,50,0.06093239784240723,0.07803916931152344,0.04693603515625,0.06215357780456543,0.0628194808959961,0.06250119209289551,0.04687809944152832,0.06263089179992676,0.062415122985839844,0.0468747615814209,0.07807564735412598
imshow,5000,10000,50000000,50,0.06559407711029053,0.06216931343078613,0.0624847412109375,0.06252360343933105,0.07813811302185059,0.062487125396728516,0.07814741134643555,0.06251049041748047,0.062463998794555664,0.04688286781311035,0.07813310623168945
pcolorfast,5000,10000,50000000,100,0.07188997268676758,0.046923160552978516,0.06251215934753418,0.07776093482971191,0.047202348709106445,0.06261229515075684,0.06252503395080566,0.06243753433227539,0.1246027946472168,0.10974693298339844,0.0625765323638916
pcolormesh,5000,10000,50000000,100,0.45311684608459474,0.42179441452026367,0.4527556896209717,0.42188167572021484,0.4378678798675537,0.43712401390075684,0.45348095893859863,0.48439669609069824,0.42180562019348145,0.5621752738952637,0.43788623809814453
matshow,5000,10000,50000000,100,0.07654685974121093,0.06246471405029297,0.06256651878356934,0.06247401237487793,0.06212782859802246,0.0781559944152832,0.18776249885559082,0.06251215934753418,0.046903371810913086,0.06247448921203613,0.07802700996398926
imshow,5000,10000,50000000,100,0.059383392333984375,0.04699826240539551,0.0625605583190918,0.062479496002197266,0.062421321868896484,0.06255960464477539,0.062438011169433594,0.046890974044799805,0.06254005432128906,0.06251215934753418,0.062433481216430664
pcolorfast,5000,10000,50000000,150,0.060936689376831055,0.06218314170837402,0.06286168098449707,0.062123775482177734,0.06287860870361328,0.04683399200439453,0.06260395050048828,0.06244063377380371,0.06256842613220215,0.0620579719543457,0.06281471252441406
pcolormesh,5000,10000,50000000,150,0.42976930141448977,0.4215559959411621,0.43879055976867676,0.40596890449523926,0.422208309173584,0.4371459484100342,0.4533882141113281,0.43756532669067383,0.42192983627319336,0.4062321186065674,0.4529078006744385
matshow,5000,10000,50000000,150,0.06564393043518066,0.06235909461975098,0.06291055679321289,0.06244850158691406,0.062482357025146484,0.0625600814819336,0.07772302627563477,0.06249594688415527,0.07811880111694336,0.0471951961517334,0.07814574241638184
imshow,5000,10000,50000000,150,0.06871626377105713,0.04684853553771973,0.06256842613220215,0.0468900203704834,0.06244373321533203,0.18717169761657715,0.04720592498779297,0.06263113021850586,0.0467374324798584,0.06250596046447754,0.06215977668762207
pcolorfast,5000,10000,50000000,200,0.06875374317169189,0.04686784744262695,0.062229156494140625,0.06282711029052734,0.06215381622314453,0.10935282707214355,0.07814598083496094,0.07812094688415527,0.06289482116699219,0.06251883506774902,0.062426090240478516
pcolormesh,5000,10000,50000000,200,0.43592474460601804,0.4374666213989258,0.4528007507324219,0.4378180503845215,0.42194461822509766,0.42180395126342773,0.4532008171081543,0.42150402069091797,0.4222445487976074,0.42151880264282227,0.4689452648162842
matshow,5000,10000,50000000,200,0.060948872566223146,0.062278032302856445,0.04720711708068848,0.06255459785461426,0.06250858306884766,0.06236004829406738,0.06224322319030762,0.06283283233642578,0.04693436622619629,0.07774806022644043,0.06282186508178711
imshow,5000,10000,50000000,200,0.05781269073486328,0.06217598915100098,0.04725003242492676,0.0624542236328125,0.04692482948303223,0.07805562019348145,0.0469212532043457,0.06246829032897949,0.046874046325683594,0.06262636184692383,0.06237626075744629
pcolorfast,50000,10,500000,50,0.07653288841247559,0.06220555305480957,0.0628519058227539,0.06252837181091309,0.21836590766906738,0.04688405990600586,0.06252026557922363,0.062491416931152344,0.06248831748962402,0.06250905990600586,0.062484025955200195
pcolormesh,50000,10,500000,50,0.4328437566757202,0.43781614303588867,0.4530982971191406,0.40627074241638184,0.4215512275695801,0.42225193977355957,0.46870946884155273,0.4218618869781494,0.4217722415924072,0.42203569412231445,0.45306992530822754
matshow,50000,10,500000,50,0.06563079357147217,0.046914100646972656,0.062469482421875,0.0777740478515625,0.0781247615814209,0.0781400203704834,0.07813620567321777,0.04717683792114258,0.06258726119995117,0.062406063079833984,0.06257915496826172
imshow,50000,10,500000,50,0.05933732986450195,0.06213569641113281,0.06285905838012695,0.04686331748962402,0.062131643295288086,0.06288814544677734,0.06246185302734375,0.046924591064453125,0.0624544620513916,0.06215977668762207,0.062494754791259766
pcolorfast,50000,10,500000,100,0.06093771457672119,0.06247711181640625,0.06287693977355957,0.06248116493225098,0.06244397163391113,0.04688692092895508,0.0625758171081543,0.06212639808654785,0.06281590461730957,0.06255221366882324,0.062140703201293945
pcolormesh,50000,10,500000,100,0.4422173500061035,0.45348143577575684,0.4217958450317383,0.5465779304504395,0.4221782684326172,0.42157649993896484,0.4222426414489746,0.4531264305114746,0.43745851516723633,0.421856164932251,0.42187976837158203
matshow,50000,10,500000,100,0.06715538501739501,0.09345364570617676,0.062468528747558594,0.06250596046447754,0.062482357025146484,0.0625002384185791,0.07816410064697266,0.06246471405029297,0.06249856948852539,0.06249809265136719,0.06251764297485352
imshow,50000,10,500000,100,0.05941321849822998,0.06280303001403809,0.06259536743164062,0.06210732460021973,0.06251263618469238,0.062491416931152344,0.07811689376831055,0.046875953674316406,0.06251668930053711,0.04729318618774414,0.04681968688964844
pcolorfast,50000,10,500000,150,0.06094646453857422,0.06255555152893066,0.04679989814758301,0.06221485137939453,0.06280207633972168,0.06256794929504395,0.06243157386779785,0.04685616493225098,0.06265473365783691,0.07768750190734863,0.06289434432983398
pcolormesh,50000,10,500000,150,0.4312465667724609,0.421785831451416,0.4062004089355469,0.48439931869506836,0.4062676429748535,0.42189908027648926,0.42188334465026855,0.45279765129089355,0.43779945373535156,0.4062509536743164,0.4531819820404053
matshow,50000,10,500000,150,0.07496471405029297,0.07773232460021973,0.17226862907409668,0.06242680549621582,0.06258010864257812,0.04679608345031738,0.06257987022399902,0.06252121925354004,0.06212878227233887,0.06250977516174316,0.07810354232788086
imshow,50000,10,500000,150,0.06253232955932617,0.06248164176940918,0.04716968536376953,0.06255865097045898,0.06248354911804199,0.07817745208740234,0.062430620193481445,0.04688763618469238,0.06249833106994629,0.06257224082946777,0.0780634880065918
pcolorfast,50000,10,500000,200,0.06093428134918213,0.06247663497924805,0.0625457763671875,0.06216001510620117,0.06280827522277832,0.06254100799560547,0.06251645088195801,0.06241559982299805,0.062189579010009766,0.06292271614074707,0.04676675796508789
pcolormesh,50000,10,500000,200,0.4593464136123657,0.42183947563171387,0.4531557559967041,0.42195582389831543,0.42151737213134766,0.4530832767486572,0.7034430503845215,0.4059581756591797,0.43781042098999023,0.4218168258666992,0.4528839588165283
matshow,50000,10,500000,200,0.07346563339233399,0.07812952995300293,0.06281661987304688,0.04687380790710449,0.07777976989746094,0.06288671493530273,0.06255245208740234,0.06239509582519531,0.06255960464477539,0.04691815376281738,0.17174458503723145
imshow,50000,10,500000,200,0.059379196166992186,0.06259894371032715,0.04680681228637695,0.06253671646118164,0.06247973442077637,0.062174320220947266,0.06251096725463867,0.06248903274536133,0.04719138145446777,0.07809948921203613,0.046904563903808594
pcolorfast,50000,100,5000000,50,0.06247096061706543,0.06254029273986816,0.0621640682220459,0.06283044815063477,0.06248116493225098,0.062191009521484375,0.06249260902404785,0.06284356117248535,0.06247973442077637,0.06259846687316895,0.0620882511138916
pcolormesh,50000,100,5000000,50,0.43126826286315917,0.4221498966217041,0.43752479553222656,0.4374876022338867,0.4059286117553711,0.42221808433532715,0.4531705379486084,0.4371461868286133,0.4222087860107422,0.4218883514404297,0.4529597759246826
matshow,50000,100,5000000,50,0.06252024173736573,0.06268429756164551,0.06243133544921875,0.062180519104003906,0.04726433753967285,0.07800912857055664,0.0625603199005127,0.04655051231384277,0.062490224838256836,0.06279993057250977,0.0782318115234375
imshow,50000,100,5000000,50,0.07183578014373779,0.0621185302734375,0.06249284744262695,0.0625159740447998,0.062480926513671875,0.06249403953552246,0.06283116340637207,0.04691791534423828,0.06254172325134277,0.06239819526672363,0.17156648635864258
pcolorfast,50000,100,5000000,100,0.06249852180480957,0.062468767166137695,0.0626220703125,0.06241106986999512,0.04693293571472168,0.06212639808654785,0.07816314697265625,0.07809829711914062,0.0625,0.06281208992004395,0.04685044288635254
pcolormesh,50000,100,5000000,100,0.4328105926513672,0.42177677154541016,0.4376637935638428,0.42176342010498047,0.4216346740722656,0.4376373291015625,0.45325255393981934,0.43754005432128906,0.4062020778656006,0.43755316734313965,0.4530820846557617
matshow,50000,100,5000000,100,0.06250450611114503,0.04691743850708008,0.0625464916229248,0.06212878227233887,0.06279563903808594,0.06258130073547363,0.06213688850402832,0.062484025955200195,0.0628814697265625,0.062467336654663086,0.07810568809509277
imshow,50000,100,5000000,100,0.05781757831573486,0.062491655349731445,0.0624852180480957,0.04690098762512207,0.06245756149291992,0.062211036682128906,0.04720282554626465,0.0625758171081543,0.046845436096191406,0.06257009506225586,0.062435150146484375
pcolorfast,50000,100,5000000,150,0.07031354904174805,0.06253194808959961,0.06219482421875,0.06250381469726562,0.06280684471130371,0.04687952995300293,0.06255125999450684,0.06254839897155762,0.17185521125793457,0.06241440773010254,0.04684925079345703
pcolormesh,50000,100,5000000,150,0.4312499284744263,0.42157959938049316,0.4534156322479248,0.4219532012939453,0.421846866607666,0.42185235023498535,0.45312976837158203,0.43755006790161133,0.4061591625213623,0.4217548370361328,0.45325779914855957
matshow,50000,100,5000000,150,0.06406810283660888,0.06219887733459473,0.06251692771911621,0.07811379432678223,0.0625152587890625,0.07811594009399414,0.0625004768371582,0.04687690734863281,0.06249713897705078,0.06249189376831055,0.06285381317138672
imshow,50000,100,5000000,150,0.05780980587005615,0.046808719635009766,0.06255412101745605,0.046855926513671875,0.0625159740447998,0.062165021896362305,0.062482357025146484,0.047241926193237305,0.06215500831604004,0.06278800964355469,0.0625309944152832
pcolorfast,50000,100,5000000,200,0.060939455032348634,0.0621795654296875,0.06283307075500488,0.06256484985351562,0.06243491172790527,0.0625314712524414,0.04683113098144531,0.06256318092346191,0.07808709144592285,0.04690122604370117,0.06246805191040039
pcolormesh,50000,100,5000000,200,0.4515496492385864,0.43746137619018555,0.4531280994415283,0.4531090259552002,0.4062521457672119,0.4375181198120117,0.4687492847442627,0.5465426445007324,0.46912240982055664,0.42184925079345703,0.4217641353607178
matshow,50000,100,5000000,200,0.06404352188110352,0.09388065338134766,0.046849727630615234,0.06250238418579102,0.04692530632019043,0.07775211334228516,0.06282234191894531,0.04694652557373047,0.06208181381225586,0.06251883506774902,0.078155517578125
imshow,50000,100,5000000,200,0.06097254753112793,0.0937347412109375,0.06249642372131348,0.046871185302734375,0.06253576278686523,0.06247091293334961,0.062480926513671875,0.046881675720214844,0.06251764297485352,0.046866416931152344,0.06286978721618652
pcolorfast,50000,1000,50000000,50,0.06246662139892578,0.06256747245788574,0.0624387264251709,0.06255865097045898,0.06248331069946289,0.04685568809509277,0.06247878074645996,0.06250786781311035,0.07808279991149902,0.06257820129394531,0.062114715576171875
pcolormesh,50000,1000,50000000,50,0.43440685272216795,0.42221641540527344,0.4374687671661377,0.4219229221343994,0.42186903953552246,0.42183995246887207,0.48406410217285156,0.437762975692749,0.4219334125518799,0.42193007469177246,0.4530608654022217
matshow,50000,1000,50000000,50,0.07500295639038086,0.06250524520874023,0.06253814697265625,0.0468447208404541,0.06254291534423828,0.07805180549621582,0.18720126152038574,0.06249713897705078,0.0628349781036377,0.062479496002197266,0.06253385543823242
imshow,50000,1000,50000000,50,0.059378433227539065,0.06257319450378418,0.06240701675415039,0.04685044288635254,0.07815909385681152,0.06257081031799316,0.06241035461425781,0.04688405990600586,0.062198638916015625,0.06290268898010254,0.04682803153991699
pcolorfast,50000,1000,50000000,100,0.06094481945037842,0.062218427658081055,0.06280803680419922,0.06255102157592773,0.06245064735412598,0.06251740455627441,0.06246304512023926,0.06255078315734863,0.06242823600769043,0.046953439712524414,0.06250715255737305
pcolormesh,50000,1000,50000000,100,0.4328014373779297,0.4371323585510254,0.43782854080200195,0.42183375358581543,0.42195820808410645,0.4216904640197754,0.45294642448425293,0.4222393035888672,0.4215114116668701,0.4378030300140381,0.45307087898254395
matshow,50000,1000,50000000,100,0.06251382827758789,0.06223940849304199,0.07812952995300293,0.06250596046447754,0.04686117172241211,0.0781557559967041,0.06247210502624512,0.04688453674316406,0.06250953674316406,0.06285762786865234,0.06252264976501465
imshow,50000,1000,50000000,100,0.07027370929718017,0.062425851821899414,0.04692578315734863,0.062442779541015625,0.04690885543823242,0.17190766334533691,0.07777881622314453,0.06250476837158203,0.062453508377075195,0.06252288818359375,0.04686617851257324
pcolorfast,50000,1000,50000000,150,0.05939130783081055,0.06252121925354004,0.04685378074645996,0.06286740303039551,0.06250286102294922,0.06250905990600586,0.06245613098144531,0.06250238418579102,0.06252408027648926,0.046880483627319336,0.06229567527770996
pcolormesh,50000,1000,50000000,150,0.4328279972076416,0.4220693111419678,0.4374961853027344,0.43714094161987305,0.40648865699768066,0.4219992160797119,0.4683952331542969,0.4220283031463623,0.43763089179992676,0.4218173027038574,0.4532139301300049
matshow,50000,1000,50000000,150,0.06093919277191162,0.062171220779418945,0.06291031837463379,0.0623018741607666,0.04696321487426758,0.07813835144042969,0.04693722724914551,0.06255984306335449,0.062407732009887695,0.04685568809509277,0.07814645767211914
imshow,50000,1000,50000000,150,0.05781550407409668,0.04685473442077637,0.06253910064697266,0.04688668251037598,0.062139034271240234,0.07813000679016113,0.04686331748962402,0.06286430358886719,0.06249737739562988,0.046805620193481445,0.06257486343383789
pcolorfast,50000,1000,50000000,200,0.07344191074371338,0.0622255802154541,0.06279397010803223,0.06252551078796387,0.17183542251586914,0.0469515323638916,0.06245994567871094,0.06215381622314453,0.07816553115844727,0.06247568130493164,0.06283211708068848
pcolormesh,50000,1000,50000000,200,0.43124876022338865,0.42171788215637207,0.4373135566711426,0.42225170135498047,0.4374971389770508,0.4218783378601074,0.43744325637817383,0.4215683937072754,0.42223668098449707,0.43714284896850586,0.45343780517578125
matshow,50000,1000,50000000,200,0.0625075340270996,0.06248617172241211,0.06259560585021973,0.06246352195739746,0.06244254112243652,0.06259322166442871,0.062410831451416016,0.04688596725463867,0.0626065731048584,0.062090396881103516,0.07850050926208496
imshow,50000,1000,50000000,200,0.05937240123748779,0.06244087219238281,0.06247425079345703,0.04688143730163574,0.06252288818359375,0.062530517578125,0.06244254112243652,0.04692959785461426,0.06212115287780762,0.06295490264892578,0.062425851821899414
pcolorfast,50000,10000,500000000,50,0.06090497970581055,0.04690241813659668,0.06211996078491211,0.06282496452331543,0.06217479705810547,0.0781404972076416,0.04714822769165039,0.06264805793762207,0.062424659729003906,0.06250929832458496,0.06215691566467285
pcolormesh,50000,10000,500000000,50,0.4453280448913574,0.4221501350402832,0.45311856269836426,0.531252384185791,0.4531235694885254,0.4219324588775635,0.4217875003814697,0.453188419342041,0.4219069480895996,0.4530928134918213,0.42172765731811523
matshow,50000,10000,500000000,50,0.06719613075256348,0.0939183235168457,0.046880483627319336,0.07777023315429688,0.07810497283935547,0.06251263618469238,0.062493324279785156,0.06286406517028809,0.062476396560668945,0.06247305870056152,0.06246781349182129
imshow,50000,10000,500000000,50,0.057785439491271975,0.06266021728515625,0.04672574996948242,0.06254339218139648,0.046831369400024414,0.06263589859008789,0.06238913536071777,0.06253290176391602,0.04684305191040039,0.06258654594421387,0.06210613250732422
pcolorfast,50000,10000,500000000,100,0.060944199562072754,0.06249856948852539,0.06249094009399414,0.0625464916229248,0.06260490417480469,0.0624845027923584,0.062422990798950195,0.046872854232788086,0.06253719329833984,0.0780336856842041,0.04694986343383789
pcolormesh,50000,10000,500000000,100,0.4343738555908203,0.4218113422393799,0.42192816734313965,0.4683964252471924,0.4221532344818115,0.42192816734313965,0.43735241889953613,0.45311999320983887,0.4376833438873291,0.4218127727508545,0.43755269050598145
matshow,50000,10000,500000000,100,0.07343802452087403,0.09366297721862793,0.15628767013549805,0.06255364418029785,0.06250238418579102,0.046921491622924805,0.06238055229187012,0.06258130073547363,0.06245613098144531,0.06252670288085938,0.06250739097595215
imshow,50000,10000,500000000,100,0.06250231266021729,0.0624241828918457,0.046959638595581055,0.06253886222839355,0.06211972236633301,0.07810354232788086,0.06250977516174316,0.06284260749816895,0.062461137771606445,0.04686999320983887,0.07819366455078125
pcolorfast,50000,10000,500000000,150,0.06090610027313233,0.06253504753112793,0.046819448471069336,0.07813644409179688,0.04685235023498535,0.06263995170593262,0.06206703186035156,0.06282186508178711,0.06256461143493652,0.062085628509521484,0.06253862380981445
pcolormesh,50000,10000,500000000,150,0.4297154188156128,0.42223596572875977,0.4218478202819824,0.43746471405029297,0.42179250717163086,0.4216575622558594,0.43783068656921387,0.43715572357177734,0.42218470573425293,0.4218862056732178,0.4530982971191406
matshow,50000,10000,500000000,150,0.07341082096099853,0.06220650672912598,0.06278705596923828,0.04690861701965332,0.06250381469726562,0.07781839370727539,0.04723381996154785,0.0625758171081543,0.07802104949951172,0.046877384185791016,0.18717575073242188
imshow,50000,10000,500000000,150,0.05781054496765137,0.06246805191040039,0.046877145767211914,0.06252479553222656,0.06251358985900879,0.06247305870056152,0.0468752384185791,0.06250214576721191,0.046872615814208984,0.07811164855957031,0.04688715934753418
pcolorfast,50000,10000,500000000,200,0.05941319465637207,0.062468767166137695,0.04725003242492676,0.06252288818359375,0.0625152587890625,0.062104225158691406,0.06281447410583496,0.06258654594421387,0.06241631507873535,0.046933650970458984,0.06251978874206543
pcolormesh,50000,10000,500000000,200,0.4328047752380371,0.4218142032623291,0.4531290531158447,0.42191243171691895,0.43744444847106934,0.4217255115509033,0.4376997947692871,0.45305895805358887,0.40631723403930664,0.437114953994751,0.43783116340637207
matshow,50000,10000,500000000,200,0.06247093677520752,0.04693722724914551,0.06255269050598145,0.06207537651062012,0.06278395652770996,0.06259369850158691,0.06245875358581543,0.062166690826416016,0.06249284744262695,0.06252169609069824,0.07812643051147461
imshow,50000,10000,500000000,200,0.06874721050262451,0.06247067451477051,0.046875953674316406,0.06250524520874023,0.06251883506774902,0.0628364086151123,0.0624692440032959,0.04686403274536133,0.062186479568481445,0.047199249267578125,0.17154598236083984
